vendor,platform,filename,gitRepoURL,gitTAG,app_package_name,app_android_path
JPCC,All,/Public_SVECO/Public/SVECO/MA/public/JoyNext/release/2020CW53_C4_Sample_C5250/CNS3.0_MQB_SOP2_MA-VW_CHN-C525_RC4-MAIN-20201229.5-REL.tgz
ma,android,sveco-hu-android-fawmqbcoupon_0.25.0_6fbba56_20201230164616_release.apk,http://dev-ma-icp.dev.maezia:32364/sveco/hu/android/sveco-hu-android-fawmqb_coupon,CNS3SOP2_0.25.0_R205303A,com.maezia.ezia.coupon,/system/priv-app/MAAndroidFawmqbcoupon
ma,android,sveco-hu-android-fawmqbappstore_0.11.4_1557ae0_20201230165051_release.apk,http://dev-ma-icp.dev.maezia:32364/sveco/hu/android/sveco-hu-android-fawmqb_appstore,CNS3SOP2_0.25.0_R205303A,com.maezia.fawmqb.appstore,/system/priv-app/MAAndroidFawmqbappstore
ma,android,ezia-appstore-android-appstore_0.17.8_ad8ac77_20201230165118_release.apk,http://dev-ma-icp.dev.maezia:32364/eziash/appstore/ezia-appstore-android-appstore,CNS3SOP2_0.25.0_R205303A,com.maezia.sveco.appstore,/system/priv-app/MAAndroidAppstore
ma,android,ezia-shortvideo-android-shortvideo_0.12.0_6872934_20201230165304_release.apk,http://dev-ma-icp.dev.maezia:32364/eziash/shortvideo/ezia-shortvideo-android-shortvideo,CNS3SOP2_0.25.0_R205303A,com.maezia.ezia.onlineshortvideo,/system/priv-app/MAAndroidShortvideo
ma,android,ezia-weather-android-weatherapp_0.20.0_fa525a8_20201230165309_release.apk,http://dev-ma-icp.dev.maezia:32364/eziash/weather/ezia-weather-android-weatherapp,CNS3SOP2_0.25.0_R205303A,com.maezia.ezia.weather,/system/priv-app/MAAndroidWeatherapp
ma,android,ezia-hu-android-fawmqbcarwash_0.25.0_2c71a62_20201230165440_release.apk,http://dev-ma-icp.dev.maezia:32364/fawmqb/hu/android/fawmqb-hu-android-carwash,CNS3SOP2_0.25.0_R205303A,com.maezia.fawmqb.carwash,/system/priv-app/MAAndroidFawmqbcarwash
ma,android,sveco-hu-android-fawmqbeshop_0.25.0_7475bfc_20201230165510_release.apk,http://dev-ma-icp.dev.maezia:32364/sveco/hu/android/sevco-hu-android-fawmqb-eshop,CNS3SOP2_0.25.0_R205303A,com.maezia.ezia.eshop,/system/priv-app/MAAndroidFawmqbeshop
ma,android,sveco-hu-android-reminder_0.25.0_ce3c722_20201230165524_release.apk,http://dev-ma-icp.dev.maezia:32364/sveco/hu/android/sveco-hu-android-reminder,CNS3SOP2_0.25.0_R205303A,com.maezia.sveco.hu.android.reminder,/system/priv-app/MAAndroidReminder
ma,android,ezia-dealer-android-dealer_0.12.0_ad15c19_20201230165717_release.apk,http://dev-ma-icp.dev.maezia:32364/eziash/dealer/ezia-dealer-android-dealer,CNS3SOP2_0.25.0_R205303A,com.maezia.ezia.dealer,/system/priv-app/MAAndroidDealer
ma,android,ezia-intsys-hu-voicegame_0.25.0_19b0c34_20201230165719_release.apk,http://dev-ma-icp.dev.maezia:32364/eziabj/intsys/ezia-intsys-hu-voicegame,CNS3SOP2_0.25.0_R205303A,com.maezia.ezia.voicegame,/system/priv-app/MAHuVoicegame
ma,android,ezia-companion-hu-smartpa_0.24.0_ab8838a_20201230165925_release.apk,http://dev-ma-icp.dev.maezia:32364/eziahz/companion/ezia-companion-hu-smartpa,CNS3SOP2_0.25.0_R205303A,com.maezia.ezia.companion,/system/priv-app/MAHuSmartpa
ma,android,ezia-lapp-hu-servicecenter_0.25.0_6b230ca_20201230165921_release.apk,http://dev-ma-icp.dev.maezia:32364/eziash/lapp/ezia-lapp-hu-servicecenter,CNS3SOP2_0.25.0_R205303A,com.maezia.ezia.servicecenter,/system/priv-app/MAHuServicecenter
ma,android,ezia-fueling-fe-fueling_0.24.0_74e1c46_20201230165937_release.apk,http://dev-ma-icp.dev.maezia:32364/eziash/fueling/ezia-fueling-fe-fueling,CNS3SOP2_0.25.0_R205303A,com.maezia.ezia.fueling,/system/priv-app/MAFeFueling
ma,android,ezia-violation-fe-violation_0.24.0_2b3cfb0_20201230165952_release.apk,http://dev-ma-icp.dev.maezia:32364/eziash/violation/ezia-violation-fe-violation,CNS3SOP2_0.25.0_R205303A,com.maezia.ezia.violation,/system/priv-app/MAFeViolation
ma,android,sveco-hu-android-usermanual_0.25.0_f978d15_20201230170052_release.apk,http://dev-ma-icp.dev.maezia:32364/sveco/hu/android/sveco-hu-android-usermanual,CNS3SOP2_0.25.0_R205303A,com.maezia.ezia.usermanual,/system/priv-app/MAAndroidUsermanual
ma,android,ezia-carwash-fe-carwash_0.25.0_6869f3a_20201230170248_release.apk,http://dev-ma-icp.dev.maezia:32364/eziash/carwash/ezia-carwash-fe-carwash,CNS3SOP2_0.25.0_R205303A,com.maezia.ezia.carwash,/system/priv-app/MAFeCarwash
ma,android,ezia-carservice-android-carservice_0.25.0_1d97ea8_20201230170249_release.apk,http://dev-ma-icp.dev.maezia:32364/eziash/carservice/ezia-carservice-android-carservice,CNS3SOP2_0.25.0_R205303A,com.maezia.sveco.carservice,/system/priv-app/MAAndroidCarservice
ma,android,ezia-charging-hu-charging_0.25.0_87d959c_20201230170256_release.apk,http://dev-ma-icp.dev.maezia:32364/eziabj/charging/ezia-charging-hu-charging,CNS3SOP2_0.25.0_R205303A,com.maezia.ezia.charging,/system/priv-app/MAHuCharging
ma,android,ezia-insurance-fe-insurance_0.25.0_4389187_20201230170304_release.apk,http://dev-ma-icp.dev.maezia:32364/eziash/insurance/ezia-insurance-fe-insurance,CNS3SOP2_0.25.0_R205303A,com.maezia.ezia.insurance,/system/priv-app/MAFeInsurance
ma,android,sveco-account-android_useraccount_0.25.2_e3b8aa3_20201230170321_release.apk,http://dev-ma-icp.dev.maezia:32364/sveco/account/sveco-account-android_useraccount,CNS3SOP2_0.25.0_R205303A,com.maezia.ezia.usercenter,/system/priv-app/MAAndroidUseraccount
ma,android,ezia-aiengine-geofence_0.22.0_3cd37cb_20201230170440_release.apk,http://dev-ma-icp.dev.maezia:32364/eziabj/aiengine/ezia-aiengine-geofence,CNS3SOP2_0.25.0_R205303A,com.maezia.ezia.aiengine.geofence,/system/priv-app/MAGeofence
ma,android,ezia-aiengine-datasyncer_1.1.1_c9632f3_20201230170508_release.apk,http://dev-ma-icp.dev.maezia:32364/eziabj/aiengine/ezia-aiengine-datasyncer,CNS3SOP2_0.25.0_R205303A,com.maezia.ezia.aiengine.datasyncer,/system/priv-app/MADatasyncer
ma,android,ezia-syshmicommgr-android_syshmicommgr_0.25.0_19ebd2a_20201230170451_release.apk,http://dev-ma-icp.dev.maezia:32364/eziash/syshmicommgr/ezia-syshmicommgr-android_syshmicommgr,CNS3SOP2_0.25.0_R205303A,com.maezia.sveco.syshmicommgr,/system/priv-app/MAAndroidSyshmicommgr
ma,android,ezia-aiengine-simulator_player_0.13.0_89e57c4_20201230170513_release.apk,http://dev-ma-icp.dev.maezia:32364/eziabj/aiengine/ezia-aiengine-simulator_player,CNS3SOP2_0.25.0_R205303A,com.maezia.ezia.simulator,/system/priv-app/MASimulatorPlayer
ma,android,sveco-ctxlappserv-android-ctxappserv_0.25.0_d8a401c_20201230170638_release.apk,http://dev-ma-icp.dev.maezia:32364/sveco/ctxlappserv/sveco-ctxlappserv-android-ctxappserv,CNS3SOP2_0.25.0_R205303A,com.maezia.sveco.ctxappserv,/system/priv-app/MAAndroidCtxappserv
ma,android,ezia-parking-android_parking_0.25.0_8914bb7_20201230170836_release.apk,http://dev-ma-icp.dev.maezia:32364/eziabj/parking/ezia-parking-android_parking,CNS3SOP2_0.25.0_R205303A,com.maezia.sveco.parking,/system/priv-app/MAAndroidParking
ma,android,sveco-navilbsgent-lbsagentandroid_0.21.0_e0df8b0_20201230170858_release.apk,http://dev-ma-icp.dev.maezia:32364/sveco/navilbsgent/sveco-navilbsgent-lbsagentandroid,CNS3SOP2_0.25.0_R205303A,com.maezia.ezia.navi.lbsagent,/system/priv-app/MALbsagentandroid
ma,android,ezia-aiengine-carscenarioengine_1.1.1_9706234_20201230170904_release.apk,http://dev-ma-icp.dev.maezia:32364/eziabj/aiengine/ezia-aiengine-carscenarioengine,CNS3SOP2_0.25.0_R205303A,com.maezia.ezia.aiengine.carscenarioengine,/system/priv-app/MACarscenarioengine
ma,android,ezia-payment-android_order_0.24.01_6edf02c_20201230170910_release.apk,http://dev-ma-icp.dev.maezia:32364/eziabj/payment/ezia-payment-android_order,CNS3SOP2_0.25.0_R205303A,com.maezia.sveco.ordercenter,/system/priv-app/MAAndroidOrder
ma,android,sveco-ailauncher-launcher_0.22.0_ab40e50_20201230171014_release.apk,http://dev-ma-icp.dev.maezia:32364/sveco/ailauncher/sveco-ailauncher-launcher,CNS3SOP2_0.25.0_R205303A,com.maezia.sveco.ailauncher.launcher,/system/priv-app/MALauncher
ma,linux,MA_CNS3_C7_20201228_566.zip,MA_CNS3_C7_20201228_566,CNS3SOP2_0.25.0_R205303A
ma,linux,lbs_agent_linux.zip,LBSAgent_v0.5.zip,CNS3SOP2_0.25.0_R205303A
ma,android,lbs_agent_android.zip,LBSAgent_v0.5.zip,CNS3SOP2_0.25.0_R205303A
ma,linux,SmartDeviceAgent_v0.3.zip,SmartDeviceAgent_v0.3.zip,CNS3SOP2_0.25.0_R205303A
ma,android,sds_agent_android.zip,SDSAgent_v0.1.zip,CNS3SOP2_0.25.0_R205303A
neosoft,android,CNS3.0_SOP2_IME_1.0.9_Master_20201216_Release.apk,V1.0.9,CNS3SOP2_0.25.0_R205303A,com.maezia.sveco.ime,/system/priv-app/MAIME
vwm,android,CNS3.0_SOP2_Appservice_V1.5.19_Master_201230_1_Release.apk,CNS3_MQB_SOP2_Delivery_R3.9.1_20530301,CNS3SOP2_0.25.1_R210101A,com.maezia.sveco.online.sds,/system/priv-app/MAAppservice
vwm,android,CNS3.0_SOP2_Film_V1.0.34_Master_201230_1_Release.apk,CNS3_MQB_SOP2_Delivery_R3.9.1_20530301,CNS3SOP2_0.25.1_R210101A,com.maezia.sveco.film,/system/priv-app/MAFilm
vwm,android,CNS3.0_SOP2_Flight_V1.1.64_Master_201230_1_Release.apk,CNS3_MQB_SOP2_Delivery_R3.9.1_20530301,CNS3SOP2_0.25.1_R210101A,com.maezia.sveco.flight,/system/priv-app/MAFlight
vwm,android,CNS3.0_SOP2_Hotel_V1.0.94_Master_201230_1_Release.apk,CNS3_MQB_SOP2_Delivery_R3.9.1_20530301,CNS3SOP2_0.25.1_R210101A,com.maezia.sveco.hotel,/system/priv-app/MAHotel
vwm,android,CNS3.0_SOP2_Lifestyle_V1.1.20_Master_201230_1_Release.apk,CNS3_MQB_SOP2_Delivery_R3.9.1_20530301,CNS3SOP2_0.25.1_R210101A,com.maezia.sveco.lifestyle,/system/priv-app/MALifestyle
vwm,android,CNS3.0_SOP2_Mediacenter_V1.1.57_Master_201230_1_Release.apk,CNS3_MQB_SOP2_Delivery_R3.9.1_20530301,CNS3SOP2_0.25.1_R210101A,com.maezia.sveco.mediacenter,/system/priv-app/MAMediacenter
vwm,android,CNS3.0_SOP2_News_V1.0.61_Master_201230_1_Release.apk,CNS3_MQB_SOP2_Delivery_R3.9.1_20530301,CNS3SOP2_0.25.1_R210101A,com.maezia.sveco.news,/system/priv-app/MANews
vwm,android,CNS3.0_SOP2_Onlinemusic_V1.1.40_Master_201230_1_Release.apk,CNS3_MQB_SOP2_Delivery_R3.9.1_20530301,CNS3SOP2_0.25.1_R210101A,com.maezia.sveco.onlinemusic,/system/priv-app/MAOnlinemusic
vwm,android,CNS3.0_SOP2_Onlineradio_V1.0.93_Master_201230_1_Release.apk,CNS3_MQB_SOP2_Delivery_R3.9.1_20530301,CNS3SOP2_0.25.1_R210101A,com.maezia.sveco.onlineradio,/system/priv-app/MAOnlineradio
vwm,android,CNS3.0_SOP2_Restaurant_V1.0.19_Master_201230_1_Release.apk,CNS3_MQB_SOP2_Delivery_R3.9.1_20530301,CNS3SOP2_0.25.1_R210101A,com.maezia.sveco.restaurant,/system/priv-app/MARestaurant
vwm,android,CNS3.0_SOP2_Show_V1.3.10_Master_201230_1_Release.apk,CNS3_MQB_SOP2_Delivery_R3.9.1_20530301,CNS3SOP2_0.25.1_R210101A,com.maezia.sveco.show,/system/priv-app/MAShow
vwm,android,CNS3.0_SOP2_Smarthome_V1.0.04_Master_201230_1_Release.apk,CNS3_MQB_SOP2_Delivery_R3.9.1_20530301,CNS3SOP2_0.25.1_R210101A,com.maezia.sveco.smarthome,/system/priv-app/MASmarthome
vwm,android,CNS3.0_SOP2_Tourism_V1.0.97_Master_201230_1_Release.apk,CNS3_MQB_SOP2_Delivery_R3.9.1_20530301,CNS3SOP2_0.25.1_R210101A,com.maezia.sveco.tourism,/system/priv-app/MATourism
vwm,android,CNS3.0_SOP2_Train_V1.1.13_Master_201230_1_Release.apk,CNS3_MQB_SOP2_Delivery_R3.9.1_20530301,CNS3SOP2_0.25.1_R210101A,com.maezia.sveco.train,/system/priv-app/MATrain
vwm,linux,CNS3_MQB_SOP2_Hermes_Delivery_R3.9.1_20530301.tar.gz,CNS3_MQB_SOP2_Delivery_R3.9.1_20530301,CNS3SOP2_0.25.1_R210101A
vwm,linux,CNS3_MQB_SOP2_SDS_Delivery_R3.9.1_20530301.tar.gz,CNS3_MQB_SOP2_Delivery_R3.9.1_20530301,CNS3SOP2_0.25.1_R210101A
vwm,linux,install_hermes.sh,CNS3_MQB_SOP2_Delivery_R3.9.1_20530301,CNS3SOP2_0.25.1_R210101A
vwm,linux,self_copy-sop2.sh,CNS3_MQB_SOP2_Delivery_R3.9.1_20530301,CNS3SOP2_0.25.1_R210101A
neosoft,android,CNS3.0_SOP2_DVRRecoder_V0.9.12_Master_202012291821_Release.apk,v0.9.12,CNS3SOP2_0.25.1_R210101A,com.maezia.sveco.dvr,/system/priv-app/MADVRRecoder
neosoft,android,CNS3.0_SOP2_Calendar_V1.0.6_Master_20201231_Release.apk,7th_Release20201231,CNS3SOP2_0.25.1_R210101A,com.maezia.fawvw.calendar,/system/priv-app/MACalendar
