[{"model": "cmdb.connectioninfo", "pk": 33, "fields": {"add_time": "2020-09-18T16:34:00.339", "modify_time": "2020-09-18T16:34:00.339", "hostname": "22", "auth_type": "2", "port": 0, "username": "22", "password": "AndroidAPK", "is_public": false, "desc": "", "uid": 2, "apply_status": "\u5f85\u5ba1\u6279", "applyname": "developer", "approver": "wang", "approver": "tt", "build_variant": "Debug", "build_version": "C0 sample"}}, {"model": "cmdb.connectioninfo", "pk": 34, "fields": {"add_time": "2020-09-18T16:34:17.283", "modify_time": "2020-09-18T16:34:17.283", "hostname": "11", "auth_type": "2", "port": 0, "username": "22", "password": "AndroidAPK", "is_public": false, "desc": "", "uid": 2, "apply_status": "\u5df2\u5b8c\u6210", "applyname": "developer", "approver": "\u9648\u5e73,\u674e\u6842\u6797", "approver": "tt", "build_variant": "Debug", "build_version": "C1 sample"}}]
