[{"model": "cmdb.dict", "pk": 1, "fields": {"pid": null, "key": "DEVICE_TYPE", "value": "\u8bbe\u5907\u7c7b\u578b", "desc": ""}}, {"model": "cmdb.dict", "pk": 2, "fields": {"pid": 1, "key": "VM", "value": "\u865a\u62df\u673a", "desc": ""}}, {"model": "cmdb.dict", "pk": 3, "fields": {"pid": 1, "key": "PHY", "value": "\u7269\u7406\u673a", "desc": ""}}, {"model": "cmdb.dict", "pk": 4, "fields": {"pid": null, "key": "SERVICE_TYPE", "value": "\u670d\u52a1\u7c7b\u578b", "desc": ""}}, {"model": "cmdb.dict", "pk": 5, "fields": {"pid": 4, "key": "password", "value": "Debug", "desc": ""}}, {"model": "cmdb.dict", "pk": 6, "fields": {"pid": 4, "key": "private_key", "value": "Release", "desc": ""}}, {"model": "cmdb.dict", "pk": 8, "fields": {"pid": null, "key": "ENVIRONMENT_TYPE", "value": "\u5e94\u7528\u73af\u5883", "desc": ""}}, {"model": "cmdb.dict", "pk": 9, "fields": {"pid": 8, "key": "all", "value": "\u6240\u6709\u73af\u5883", "desc": ""}}, {"model": "cmdb.dict", "pk": 10, "fields": {"pid": 8, "key": "dev", "value": "\u5f00\u53d1\u73af\u5883", "desc": ""}}, {"model": "cmdb.dict", "pk": 11, "fields": {"pid": 8, "key": "test", "value": "\u6d4b\u8bd5\u73af\u5883", "desc": ""}}, {"model": "cmdb.dict", "pk": 12, "fields": {"pid": 8, "key": "prod", "value": "\u751f\u4ea7\u73af\u5883", "desc": ""}}, {"model": "cmdb.dict", "pk": 13, "fields": {"pid": null, "key": "REPO_TYPE", "value": "\u4ee3\u7801\u7c7b\u578b", "desc": ""}}, {"model": "cmdb.dict", "pk": 14, "fields": {"pid": 13, "key": "tag", "value": "tag", "desc": ""}}, {"model": "cmdb.dict", "pk": 15, "fields": {"pid": 13, "key": "branch", "value": "branch", "desc": ""}}, {"model": "cmdb.dict", "pk": 16, "fields": {"pid": null, "key": "BUILD_VERSION", "value": "Build\u7248\u672c", "desc": ""}}, {"model": "cmdb.dict", "pk": 17, "fields": {"pid": 16, "key": "build_version1", "value": "C0 sample", "desc": ""}}, {"model": "cmdb.dict", "pk": 18, "fields": {"pid": 16, "key": "build_version2", "value": "C1 sample", "desc": ""}}, {"model": "cmdb.dict", "pk": 19, "fields": {"pid": 16, "key": "build_version3", "value": "C2 sample", "desc": ""}}, {"model": "cmdb.dict", "pk": 20, "fields": {"pid": null, "key": "WORKFOLW_TYPE", "value": "\u5de5\u5355\u7c7b\u578b", "desc": ""}}, {"model": "cmdb.dict", "pk": 22, "fields": {"pid": 20, "key": "sdk", "value": "SDK\u5de5\u5355", "desc": "\u90e8\u7f72sdk"}}, {"model": "cmdb.dict", "pk": 23, "fields": {"pid": 20, "key": "job", "value": "android apk \u7f16\u8bd1\u5de5\u5355", "desc": "\u7f16\u8bd1apk"}}]