[{"model": "cmdb.dict", "pk": 1, "fields": {"pid": null, "key": "DEVICE_TYPE", "value": "\u8bbe\u5907\u7c7b\u578b", "desc": ""}}, {"model": "cmdb.dict", "pk": 2, "fields": {"pid": 1, "key": "VM", "value": "\u865a\u62df\u673a", "desc": ""}}, {"model": "cmdb.dict", "pk": 3, "fields": {"pid": 1, "key": "PHY", "value": "\u7269\u7406\u673a", "desc": ""}}, {"model": "cmdb.dict", "pk": 4, "fields": {"pid": null, "key": "SERVICE_TYPE", "value": "\u670d\u52a1\u7c7b\u578b", "desc": ""}}, {"model": "cmdb.dict", "pk": 5, "fields": {"pid": 4, "key": "password", "value": "Debug", "desc": ""}}, {"model": "cmdb.dict", "pk": 6, "fields": {"pid": 4, "key": "private_key", "value": "Release", "desc": ""}}, {"model": "cmdb.dict", "pk": 8, "fields": {"pid": null, "key": "ENVIRONMENT_TYPE", "value": "\u5e94\u7528\u73af\u5883", "desc": ""}}, {"model": "cmdb.dict", "pk": 9, "fields": {"pid": 8, "key": "all", "value": "\u6240\u6709\u73af\u5883", "desc": ""}}, {"model": "cmdb.dict", "pk": 10, "fields": {"pid": 8, "key": "dev", "value": "\u5f00\u53d1\u73af\u5883", "desc": ""}}, {"model": "cmdb.dict", "pk": 11, "fields": {"pid": 8, "key": "test", "value": "\u6d4b\u8bd5\u73af\u5883", "desc": ""}}, {"model": "cmdb.dict", "pk": 12, "fields": {"pid": 8, "key": "prod", "value": "\u751f\u4ea7\u73af\u5883", "desc": ""}}, {"model": "cmdb.dict", "pk": 13, "fields": {"pid": null, "key": "REPO_TYPE", "value": "\u4ee3\u7801\u7c7b\u578b", "desc": ""}}, {"model": "cmdb.dict", "pk": 14, "fields": {"pid": 13, "key": "tag", "value": "tag", "desc": ""}}, {"model": "cmdb.dict", "pk": 15, "fields": {"pid": 13, "key": "branch", "value": "branch", "desc": ""}}, {"model": "cmdb.dict", "pk": 16, "fields": {"pid": null, "key": "BUILD_VERSION", "value": "Build\u7248\u672c", "desc": ""}}, {"model": "cmdb.dict", "pk": 17, "fields": {"pid": 16, "key": "build_version1", "value": "C0 sample", "desc": ""}}, {"model": "cmdb.dict", "pk": 18, "fields": {"pid": 16, "key": "build_version2", "value": "C1 sample", "desc": ""}}, {"model": "cmdb.dict", "pk": 19, "fields": {"pid": 16, "key": "build_version3", "value": "C2 sample", "desc": ""}}, {"model": "cmdb.dict", "pk": 20, "fields": {"pid": null, "key": "WORKFOLW_TYPE", "value": "\u5de5\u5355\u7c7b\u578b", "desc": ""}}, {"model": "cmdb.dict", "pk": 22, "fields": {"pid": 20, "key": "sdk", "value": "SDK\u5de5\u5355", "desc": "\u90e8\u7f72sdk"}}, {"model": "cmdb.dict", "pk": 23, "fields": {"pid": 20, "key": "job", "value": "android apk \u7f16\u8bd1\u5de5\u5355", "desc": "\u7f16\u8bd1apk"}}, {"model": "cmdb.dict", "pk": 24, "fields": {"pid": null, "key": "CNS3_TYPE", "value": "\u9879\u76ee\u7c7b\u578b", "desc": ""}}, {"model": "cmdb.dict", "pk": 25, "fields": {"pid": 24, "key": "qd", "value": "\u524d\u7aef\u6a21\u5757", "desc": ""}}, {"model": "cmdb.dict", "pk": 26, "fields": {"pid": 24, "key": "hd", "value": "\u540e\u7aef\u6a21\u5757", "desc": ""}}, {"model": "cmdb.connectioninfo", "pk": 62, "fields": {"add_time": "2020-10-29T17:08:51.894", "modify_time": "2020-11-03T13:44:06.036", "git_repo_url": "ttt", "name": "dvr", "state": "complete", "branch": "master", "app_stype": "", "desc": "", "uid": 1, "apply_status": "\u5df2\u5b8c\u6210", "apply_type": "apk\u5de5\u5355", "applyname": "admin", "approver": "tester", "develop_approver": "Guilin li", "test_approver": "tester", "build_variant": "", "build_version": "C0 sample"}}, {"model": "cmdb.connectioninfo", "pk": 64, "fields": {"add_time": "2020-11-02T11:23:21.931", "modify_time": "2020-11-03T14:08:44.741", "git_repo_url": "http://dev-ma-icp.dev.maezia:32364/eziash/weather/ezia-weather-android-weatherapp", "name": "weather", "state": "complete", "branch": "develop", "app_stype": "", "desc": "", "uid": 1, "apply_status": "\u5df2\u5b8c\u6210", "apply_type": "apk\u5de5\u5355", "applyname": "admin", "approver": "Chen, Ping", "develop_approver": "Guilin li", "test_approver": "Chen, Ping", "build_variant": "", "build_version": "C0 sample"}}, {"model": "cmdb.connectioninfo", "pk": 65, "fields": {"add_time": "2020-11-02T13:39:55.925", "modify_time": "2020-11-03T14:01:38.568", "git_repo_url": "http://dev-ma-icp.dev.maezia:32364/eziash/dealer/ezia-dealer-android-dealer", "name": "deal", "state": "complete", "branch": "develop", "app_stype": "", "desc": "22", "uid": 1, "apply_status": "\u5df2\u5b8c\u6210", "apply_type": "apk\u5de5\u5355", "applyname": "admin", "approver": "developermanager", "develop_approver": "Guilin li", "test_approver": "developermanager", "build_variant": "", "build_version": "C0 sample"}}, {"model": "cmdb.connectioninfo", "pk": 66, "fields": {"add_time": "2020-11-02T14:19:00.338", "modify_time": "2020-11-03T13:31:40.293", "git_repo_url": "http://dev-ma-icp.dev.maezia:32364/eziash/weather/ezia-weather-android-weatherapp", "name": "weather", "state": "complete", "branch": "develop", "app_stype": "", "desc": "", "uid": 1, "apply_status": "\u5df2\u5b8c\u6210", "apply_type": "apk\u5de5\u5355", "applyname": "admin", "approver": "tester", "develop_approver": "Guilin li", "test_approver": "\u738b\u8d85", "build_variant": "", "build_version": "C0 sample"}}, {"model": "cmdb.connectioninfo", "pk": 68, "fields": {"add_time": "2020-11-03T14:36:36.865", "modify_time": "2020-11-03T14:36:36.865", "git_repo_url": "http://dev-ma-icp.dev.maezia:32364/eziash/shortvideo/ezia-shortvideo-android-shortvideo", "name": "shortvideo", "state": "complete", "branch": "develop", "app_stype": "", "desc": "", "uid": 1, "apply_status": "\u5df2\u62d2\u7edd", "apply_type": "apk\u5de5\u5355", "applyname": "admin", "approver": "tester", "develop_approver": "Guilin li", "test_approver": "Guilin li", "build_variant": "", "build_version": "C0 sample"}}, {"model": "cmdb.connectioninfo", "pk": 69, "fields": {"add_time": "2020-11-03T14:43:26.224", "modify_time": "2020-11-03T14:43:26.224", "git_repo_url": "http://dev-ma-icp.dev.maezia:32364/sveco/hu/android/sveco-hu-android-fawmqb_coupon", "name": "faw_coupon", "state": "complete", "branch": "develop", "app_stype": "", "desc": "", "uid": 1, "apply_status": "\u5df2\u5b8c\u6210", "apply_type": "apk\u5de5\u5355", "applyname": "admin", "approver": "Guilin li", "develop_approver": "Guilin li", "test_approver": "Guilin li", "build_variant": "", "build_version": "C0 sample"}}, {"model": "cmdb.connectioninfo", "pk": 70, "fields": {"add_time": "2020-11-03T14:47:46.938", "modify_time": "2020-11-03T14:47:46.938", "git_repo_url": "http://dev-ma-icp.dev.maezia:32364/sveco/hu/android/sevco-hu-android-fawmqb-eshop", "name": "faw-eshop", "state": "complete", "branch": "develop", "app_stype": "", "desc": "", "uid": 1, "apply_status": "\u5df2\u5b8c\u6210", "apply_type": "apk\u5de5\u5355", "applyname": "admin", "approver": "Guilin li", "develop_approver": "Guilin li", "test_approver": "Guilin li", "build_variant": "", "build_version": "C0 sample"}}, {"model": "cmdb.connectioninfo", "pk": 71, "fields": {"add_time": "2020-11-03T14:58:03.419", "modify_time": "2020-11-03T14:58:03.419", "git_repo_url": "http://dev-ma-icp.dev.maezia:32364/sveco/hu/android/sveco-hu-android-fawmqb_appstore", "name": "faw_appstore", "state": "complete", "branch": "develop", "app_stype": "", "desc": "", "uid": 1, "apply_status": "\u5df2\u5b8c\u6210", "apply_type": "apk\u5de5\u5355", "applyname": "admin", "approver": "Guilin li", "develop_approver": "Guilin li", "test_approver": "Guilin li", "build_variant": "", "build_version": "C0 sample"}}, {"model": "cmdb.connectioninfo", "pk": 72, "fields": {"add_time": "2020-11-03T15:01:13.472", "modify_time": "2020-11-05T16:23:11.646", "git_repo_url": "http://dev-ma-icp.dev.maezia:32364/eziash/shortvideo/ezia-shortvideo-android-shortvideo", "name": "shortvideo", "state": "complete", "branch": "develop", "app_stype": "", "desc": "\u540c\u6837", "uid": 1, "apply_status": "\u5df2\u62d2\u7edd", "apply_type": "apk\u5de5\u5355", "applyname": "admin", "approver": "Guilin li", "develop_approver": "Guilin li", "test_approver": "Guilin li", "build_variant": "", "build_version": "C0 sample"}}, {"model": "cmdb.connectioninfo", "pk": 73, "fields": {"add_time": "2020-11-03T15:03:00.225", "modify_time": "2020-11-05T16:23:44.229", "git_repo_url": "http://dev-ma-icp.dev.maezia:32364/eziash/shortvideo/ezia-shortvideo-android-shortvideo", "name": "shortvideo", "state": "complete", "branch": "develop", "app_stype": "", "desc": "\u540c\u610f", "uid": 1, "apply_status": "\u5df2\u5b8c\u6210", "apply_type": "apk\u5de5\u5355", "applyname": "admin", "approver": "Guilin li", "develop_approver": "Guilin li", "test_approver": "Guilin li", "build_variant": "", "build_version": "C0 sample"}}, {"model": "cmdb.connectioninfo", "pk": 74, "fields": {"add_time": "2020-11-03T15:08:42.733", "modify_time": "2020-11-05T16:26:38.916", "git_repo_url": "http://dev-ma-icp.dev.maezia:32364/sveco/hu/android/sveco-hu-android-reminder", "name": "reminder", "state": "complete", "branch": "develop", "app_stype": "", "desc": "\u540c\u610f", "uid": 1, "apply_status": "\u5df2\u5b8c\u6210", "apply_type": "apk\u5de5\u5355", "applyname": "admin", "approver": "Guilin li", "develop_approver": "Guilin li", "test_approver": "Guilin li", "build_variant": "", "build_version": "C0 sample"}}, {"model": "cmdb.connectioninfo", "pk": 75, "fields": {"add_time": "2020-11-03T15:18:56.897", "modify_time": "2020-11-05T16:25:37.386", "git_repo_url": "http://dev-ma-icp.dev.maezia:32364/eziash/dealer/ezia-dealer-android-dealer", "name": "deal", "state": "incomplete", "branch": "develop", "app_stype": "", "desc": "\u540c\u610f", "uid": 1, "apply_status": "\u8fdb\u884c\u4e2d", "apply_type": "apk\u5de5\u5355", "applyname": "admin", "approver": "Guilin li", "develop_approver": "Guilin li", "test_approver": "Guilin li", "build_variant": "", "build_version": "C0 sample"}}, {"model": "cmdb.connectioninfo", "pk": 76, "fields": {"add_time": "2020-11-03T15:23:47.684", "modify_time": "2020-11-05T16:27:19.599", "git_repo_url": "http://dev-ma-icp.dev.maezia:32364/fawmqb/hu/android/fawmqb-hu-android-carwash", "name": "faw_carwash", "state": "complete", "branch": "develop", "app_stype": "", "desc": "\u540c\u610f", "uid": 1, "apply_status": "\u5df2\u5b8c\u6210", "apply_type": "apk\u5de5\u5355", "applyname": "admin", "approver": "Guilin li", "develop_approver": "Guilin li", "test_approver": "Guilin li", "build_variant": "", "build_version": "C0 sample"}}, {"model": "cmdb.connectioninfo", "pk": 77, "fields": {"add_time": "2020-11-03T17:22:02.722", "modify_time": "2020-11-03T17:22:02.722", "git_repo_url": "http://dev-ma-icp.dev.maezia:32364/eziabj/intsys/ezia-intsys-hu-voicegame", "name": "voicegame", "state": "incomplete", "branch": "develop", "app_stype": "", "desc": "", "uid": 1, "apply_status": "\u5f85\u5ba1\u6279", "apply_type": "apk\u5de5\u5355", "applyname": "admin", "approver": "Guilin li", "develop_approver": "Guilin li", "test_approver": "Guilin li", "build_variant": "", "build_version": "C0 sample"}}, {"model": "cmdb.connectioninfo", "pk": 80, "fields": {"add_time": "2020-11-04T18:12:43.188", "modify_time": "2020-11-04T18:12:43.189", "git_repo_url": "http://dev-ma-icp.dev.maezia:32364/eziash/weather/ezia-weather-android-weatherapp", "name": "weather", "state": "incomplete", "branch": "develop", "app_stype": "", "desc": "", "uid": 1, "apply_status": "\u8fdb\u884c\u4e2d", "apply_type": "apk\u5de5\u5355", "applyname": "admin", "approver": "tester", "develop_approver": "Guilin li", "test_approver": "tester", "build_variant": "", "build_version": "C0 sample"}}, {"model": "cmdb.commentsinfo", "pk": 3, "fields": {"add_time": "2020-11-06T09:59:23.986", "modify_time": "2020-11-06T09:59:23.986", "name": "admin", "comments": "tt", "apply_id": 75}}, {"model": "cmdb.commentsinfo", "pk": 4, "fields": {"add_time": "2020-11-06T10:00:17.464", "modify_time": "2020-11-06T10:00:17.464", "name": "Guilin.li", "comments": "\u540c\u610f", "apply_id": 75}}, {"model": "cmdb.commentsinfo", "pk": 5, "fields": {"add_time": "2020-11-06T15:22:08.448", "modify_time": "2020-11-06T15:22:08.448", "name": "Guilin.li", "comments": "\u4e0d\u6613", "apply_id": 75}}, {"model": "cmdb.commentsinfo", "pk": 6, "fields": {"add_time": "2020-11-06T15:48:10.815", "modify_time": "2020-11-06T15:48:10.815", "name": "Guilin.li", "comments": "\u4e0d\u540c\u610f", "apply_id": 75}}, {"model": "cmdb.commentsinfo", "pk": 7, "fields": {"add_time": "2020-11-11T09:49:23.460", "modify_time": "2020-11-11T09:49:23.460", "name": "admin", "comments": "@developer \u8bf7\u5e2e\u5fd9", "apply_id": 75}}, {"model": "cmdb.commentsinfo", "pk": 8, "fields": {"add_time": "2020-11-11T11:26:10.043", "modify_time": "2020-11-11T11:26:10.043", "name": "admin", "comments": "@developer 34", "apply_id": 75}}, {"model": "cmdb.commentsinfo", "pk": 9, "fields": {"add_time": "2020-11-11T14:33:04.741", "modify_time": "2020-11-11T14:33:04.741", "name": "admin", "comments": "@Guilin li \u4f60\u5e94\u8be5\u5728", "apply_id": 75}}, {"model": "cmdb.commentsinfo", "pk": 10, "fields": {"add_time": "2020-11-11T14:37:32.883", "modify_time": "2020-11-11T14:37:32.883", "name": "admin", "comments": "@Guilin li 111222", "apply_id": 77}}, {"model": "cmdb.commentsinfo", "pk": 11, "fields": {"add_time": "2020-11-11T14:40:00.460", "modify_time": "2020-11-11T14:40:00.460", "name": "admin", "comments": "@Guilin li wszd", "apply_id": 77}}, {"model": "cmdb.commentsinfo", "pk": 12, "fields": {"add_time": "2020-11-11T14:41:03.004", "modify_time": "2020-11-11T14:41:03.004", "name": "admin", "comments": "@Guilin li 23fr", "apply_id": 77}}, {"model": "cmdb.commentsinfo", "pk": 13, "fields": {"add_time": "2020-11-11T14:42:36.056", "modify_time": "2020-11-11T14:42:36.056", "name": "admin", "comments": "@Guilin li frgt", "apply_id": 77}}, {"model": "cmdb.commentsinfo", "pk": 14, "fields": {"add_time": "2020-11-11T14:45:26.185", "modify_time": "2020-11-11T14:45:26.185", "name": "admin", "comments": "@Guilin li hyty", "apply_id": 77}}, {"model": "cmdb.commentsinfo", "pk": 15, "fields": {"add_time": "2020-11-11T16:44:35.178", "modify_time": "2020-11-11T16:44:35.179", "name": "admin", "comments": "@<a href=\"#\" target=\"_blank\" title=\"aa.com\">\u957f\u6c5fzhi</a> 123", "apply_id": 75}}, {"model": "cmdb.commentsinfo", "pk": 16, "fields": {"add_time": "2020-11-11T17:26:42.486", "modify_time": "2020-11-11T17:26:42.486", "name": "admin", "comments": "@Guilin li  rftg", "apply_id": 75}}, {"model": "cmdb.commentsinfo", "pk": 17, "fields": {"add_time": "2020-11-11T17:29:31.543", "modify_time": "2020-11-11T17:29:31.543", "name": "admin", "comments": "@Guilin li  frtg", "apply_id": 75}}, {"model": "cmdb.commentsinfo", "pk": 18, "fields": {"add_time": "2020-11-11T17:31:25.963", "modify_time": "2020-11-11T17:31:25.963", "name": "admin", "comments": "@Guilin li  defr", "apply_id": 75}}, {"model": "cmdb.commentsinfo", "pk": 19, "fields": {"add_time": "2020-11-11T17:31:56.792", "modify_time": "2020-11-11T17:31:56.792", "name": "admin", "comments": "@Guilin li  frtg", "apply_id": 75}}, {"model": "cmdb.commentsinfo", "pk": 20, "fields": {"add_time": "2020-11-11T17:40:12.869", "modify_time": "2020-11-11T17:40:12.870", "name": "admin", "comments": "@Guilin li  tt", "apply_id": 75}}, {"model": "cmdb.commentsinfo", "pk": 21, "fields": {"add_time": "2020-11-12T15:02:31.010", "modify_time": "2020-11-12T15:02:31.010", "name": "admin", "comments": "ttff", "apply_id": 75}}, {"model": "cmdb.uploadfileinfo", "pk": 10, "fields": {"add_time": "2020-11-13T14:13:51.308", "modify_time": "2020-11-13T14:13:51.309", "name": "weathergg.log", "apply_id": 75}}, {"model": "cmdb.uploadfileinfo", "pk": 11, "fields": {"add_time": "2020-11-17T14:48:40.184", "modify_time": "2020-11-17T14:48:40.184", "name": "qing.jpg", "apply_id": 75}}]