[{"model": "cmdb.connectioninfo", "pk": 62, "fields": {"add_time": "2020-10-29T17:08:51.894", "modify_time": "2020-11-03T13:44:06.036", "git_repo_url": "ttt", "name": "dvr", "state": "complete", "branch": "master", "app_stype": "", "desc": "", "uid": 1, "apply_status": "\u5df2\u5b8c\u6210", "apply_type": "apk\u5de5\u5355", "applyname": "admin", "approver": "tester", "develop_approver": "Guilin li", "test_approver": "tester", "build_variant": "", "build_version": "C0 sample"}}, {"model": "cmdb.connectioninfo", "pk": 64, "fields": {"add_time": "2020-11-02T11:23:21.931", "modify_time": "2020-11-03T14:08:44.741", "git_repo_url": "http://dev-ma-icp.dev.maezia:32364/eziash/weather/ezia-weather-android-weatherapp", "name": "weather", "state": "complete", "branch": "develop", "app_stype": "", "desc": "", "uid": 1, "apply_status": "\u5df2\u5b8c\u6210", "apply_type": "apk\u5de5\u5355", "applyname": "admin", "approver": "Chen, Ping", "develop_approver": "Guilin li", "test_approver": "Chen, Ping", "build_variant": "", "build_version": "C0 sample"}}, {"model": "cmdb.connectioninfo", "pk": 65, "fields": {"add_time": "2020-11-02T13:39:55.925", "modify_time": "2020-11-03T14:01:38.568", "git_repo_url": "http://dev-ma-icp.dev.maezia:32364/eziash/dealer/ezia-dealer-android-dealer", "name": "deal", "state": "complete", "branch": "develop", "app_stype": "", "desc": "22", "uid": 1, "apply_status": "\u5df2\u5b8c\u6210", "apply_type": "apk\u5de5\u5355", "applyname": "admin", "approver": "developermanager", "develop_approver": "Guilin li", "test_approver": "developermanager", "build_variant": "", "build_version": "C0 sample"}}, {"model": "cmdb.connectioninfo", "pk": 66, "fields": {"add_time": "2020-11-02T14:19:00.338", "modify_time": "2020-11-03T13:31:40.293", "git_repo_url": "http://dev-ma-icp.dev.maezia:32364/eziash/weather/ezia-weather-android-weatherapp", "name": "weather", "state": "complete", "branch": "develop", "app_stype": "", "desc": "", "uid": 1, "apply_status": "\u5df2\u5b8c\u6210", "apply_type": "apk\u5de5\u5355", "applyname": "admin", "approver": "tester", "develop_approver": "Guilin li", "test_approver": "\u738b\u8d85", "build_variant": "", "build_version": "C0 sample"}}, {"model": "cmdb.connectioninfo", "pk": 68, "fields": {"add_time": "2020-11-03T14:36:36.865", "modify_time": "2020-11-03T14:36:36.865", "git_repo_url": "http://dev-ma-icp.dev.maezia:32364/eziash/shortvideo/ezia-shortvideo-android-shortvideo", "name": "shortvideo", "state": "complete", "branch": "develop", "app_stype": "", "desc": "", "uid": 1, "apply_status": "\u5df2\u62d2\u7edd", "apply_type": "apk\u5de5\u5355", "applyname": "admin", "approver": "tester", "develop_approver": "Guilin li", "test_approver": "Guilin li", "build_variant": "", "build_version": "C0 sample"}}, {"model": "cmdb.connectioninfo", "pk": 69, "fields": {"add_time": "2020-11-03T14:43:26.224", "modify_time": "2020-11-03T14:43:26.224", "git_repo_url": "http://dev-ma-icp.dev.maezia:32364/sveco/hu/android/sveco-hu-android-fawmqb_coupon", "name": "faw_coupon", "state": "complete", "branch": "develop", "app_stype": "", "desc": "", "uid": 1, "apply_status": "\u5df2\u5b8c\u6210", "apply_type": "apk\u5de5\u5355", "applyname": "admin", "approver": "Guilin li", "develop_approver": "Guilin li", "test_approver": "Guilin li", "build_variant": "", "build_version": "C0 sample"}}, {"model": "cmdb.connectioninfo", "pk": 70, "fields": {"add_time": "2020-11-03T14:47:46.938", "modify_time": "2020-11-03T14:47:46.938", "git_repo_url": "http://dev-ma-icp.dev.maezia:32364/sveco/hu/android/sevco-hu-android-fawmqb-eshop", "name": "faw-eshop", "state": "complete", "branch": "develop", "app_stype": "", "desc": "", "uid": 1, "apply_status": "\u5df2\u5b8c\u6210", "apply_type": "apk\u5de5\u5355", "applyname": "admin", "approver": "Guilin li", "develop_approver": "Guilin li", "test_approver": "Guilin li", "build_variant": "", "build_version": "C0 sample"}}, {"model": "cmdb.connectioninfo", "pk": 71, "fields": {"add_time": "2020-11-03T14:58:03.419", "modify_time": "2020-11-03T14:58:03.419", "git_repo_url": "http://dev-ma-icp.dev.maezia:32364/sveco/hu/android/sveco-hu-android-fawmqb_appstore", "name": "faw_appstore", "state": "complete", "branch": "develop", "app_stype": "", "desc": "", "uid": 1, "apply_status": "\u5df2\u5b8c\u6210", "apply_type": "apk\u5de5\u5355", "applyname": "admin", "approver": "Guilin li", "develop_approver": "Guilin li", "test_approver": "Guilin li", "build_variant": "", "build_version": "C0 sample"}}, {"model": "cmdb.connectioninfo", "pk": 72, "fields": {"add_time": "2020-11-03T15:01:13.472", "modify_time": "2020-11-05T16:23:11.646", "git_repo_url": "http://dev-ma-icp.dev.maezia:32364/eziash/shortvideo/ezia-shortvideo-android-shortvideo", "name": "shortvideo", "state": "complete", "branch": "develop", "app_stype": "", "desc": "\u540c\u6837", "uid": 1, "apply_status": "\u5df2\u62d2\u7edd", "apply_type": "apk\u5de5\u5355", "applyname": "admin", "approver": "Guilin li", "develop_approver": "Guilin li", "test_approver": "Guilin li", "build_variant": "", "build_version": "C0 sample"}}, {"model": "cmdb.connectioninfo", "pk": 73, "fields": {"add_time": "2020-11-03T15:03:00.225", "modify_time": "2020-11-05T16:23:44.229", "git_repo_url": "http://dev-ma-icp.dev.maezia:32364/eziash/shortvideo/ezia-shortvideo-android-shortvideo", "name": "shortvideo", "state": "complete", "branch": "develop", "app_stype": "", "desc": "\u540c\u610f", "uid": 1, "apply_status": "\u5df2\u5b8c\u6210", "apply_type": "apk\u5de5\u5355", "applyname": "admin", "approver": "Guilin li", "develop_approver": "Guilin li", "test_approver": "Guilin li", "build_variant": "", "build_version": "C0 sample"}}, {"model": "cmdb.connectioninfo", "pk": 74, "fields": {"add_time": "2020-11-03T15:08:42.733", "modify_time": "2020-11-05T16:26:38.916", "git_repo_url": "http://dev-ma-icp.dev.maezia:32364/sveco/hu/android/sveco-hu-android-reminder", "name": "reminder", "state": "complete", "branch": "develop", "app_stype": "", "desc": "\u540c\u610f", "uid": 1, "apply_status": "\u5df2\u5b8c\u6210", "apply_type": "apk\u5de5\u5355", "applyname": "admin", "approver": "Guilin li", "develop_approver": "Guilin li", "test_approver": "Guilin li", "build_variant": "", "build_version": "C0 sample"}}, {"model": "cmdb.connectioninfo", "pk": 75, "fields": {"add_time": "2020-11-03T15:18:56.897", "modify_time": "2020-11-05T16:25:37.386", "git_repo_url": "http://dev-ma-icp.dev.maezia:32364/eziash/dealer/ezia-dealer-android-dealer", "name": "deal", "state": "incomplete", "branch": "develop", "app_stype": "", "desc": "\u540c\u610f", "uid": 1, "apply_status": "\u8fdb\u884c\u4e2d", "apply_type": "apk\u5de5\u5355", "applyname": "admin", "approver": "Guilin li", "develop_approver": "Guilin li", "test_approver": "Guilin li", "build_variant": "", "build_version": "C0 sample"}}, {"model": "cmdb.connectioninfo", "pk": 76, "fields": {"add_time": "2020-11-03T15:23:47.684", "modify_time": "2020-11-05T16:27:19.599", "git_repo_url": "http://dev-ma-icp.dev.maezia:32364/fawmqb/hu/android/fawmqb-hu-android-carwash", "name": "faw_carwash", "state": "complete", "branch": "develop", "app_stype": "", "desc": "\u540c\u610f", "uid": 1, "apply_status": "\u5df2\u5b8c\u6210", "apply_type": "apk\u5de5\u5355", "applyname": "admin", "approver": "Guilin li", "develop_approver": "Guilin li", "test_approver": "Guilin li", "build_variant": "", "build_version": "C0 sample"}}, {"model": "cmdb.connectioninfo", "pk": 77, "fields": {"add_time": "2020-11-03T17:22:02.722", "modify_time": "2020-11-03T17:22:02.722", "git_repo_url": "http://dev-ma-icp.dev.maezia:32364/eziabj/intsys/ezia-intsys-hu-voicegame", "name": "voicegame", "state": "incomplete", "branch": "develop", "app_stype": "", "desc": "", "uid": 1, "apply_status": "\u5f85\u5ba1\u6279", "apply_type": "apk\u5de5\u5355", "applyname": "admin", "approver": "Guilin li", "develop_approver": "Guilin li", "test_approver": "Guilin li", "build_variant": "", "build_version": "C0 sample"}}, {"model": "cmdb.connectioninfo", "pk": 80, "fields": {"add_time": "2020-11-04T18:12:43.188", "modify_time": "2020-11-04T18:12:43.189", "git_repo_url": "http://dev-ma-icp.dev.maezia:32364/eziash/weather/ezia-weather-android-weatherapp", "name": "weather", "state": "incomplete", "branch": "develop", "app_stype": "", "desc": "", "uid": 1, "apply_status": "\u8fdb\u884c\u4e2d", "apply_type": "apk\u5de5\u5355", "applyname": "admin", "approver": "tester", "develop_approver": "Guilin li", "test_approver": "tester", "build_variant": "", "build_version": "C0 sample"}}]